{"type": "metrics", "dataset": "train", "precision": 0.9870515241435123, "balanced_accuracy": 0.8857168418814956, "recall": 0.7743915343915344, "f1_score": 0.8678842504743833}
{"type": "metrics", "dataset": "test", "precision": 0.6666666666666666, "balanced_accuracy": 0.6765934003494364, "recall": 0.40818467995802726, "f1_score": 0.5063455906280507}
{"type": "cm_matrix", "dataset": "train", "true_0": {"predicted_0": 16180, "predicted_1": 48}, "true_1": {"predicted_0": 1066, "predicted_1": 3659}}
{"type": "cm_matrix", "dataset": "test", "true_0": {"predicted_0": 6684, "predicted_1": 389}, "true_1": {"predicted_0": 1128, "predicted_1": 778}}
